{"mean":{"confidence_interval":{"confidence_level":0.95,"lower_bound":-0.009466721490325486,"upper_bound":0.0016003211753446373},"point_estimate":-0.003960360185253919,"standard_error":0.002813225706615111},"median":{"confidence_interval":{"confidence_level":0.95,"lower_bound":-0.009331175565856498,"upper_bound":0.0003458274925676186},"point_estimate":-0.004844617275338026,"standard_error":0.002486449851810842}}