{"mean":{"confidence_interval":{"confidence_level":0.95,"lower_bound":-0.014145847536320602,"upper_bound":-0.002078458575360569},"point_estimate":-0.008428818349851541,"standard_error":0.0030746715181057096},"median":{"confidence_interval":{"confidence_level":0.95,"lower_bound":-0.015058678449990426,"upper_bound":-0.0019463787132186772},"point_estimate":-0.008464481567796112,"standard_error":0.003505865396627296}}