{"mean":{"confidence_interval":{"confidence_level":0.95,"lower_bound":-0.006689737091654263,"upper_bound":0.003947006628345004},"point_estimate":-0.0012373397201700387,"standard_error":0.0027185401446305556},"median":{"confidence_interval":{"confidence_level":0.95,"lower_bound":0.0014466476406054252,"upper_bound":0.011561454568182633},"point_estimate":0.006727715703325421,"standard_error":0.0027280788016558507}}