{"mean":{"confidence_interval":{"confidence_level":0.95,"lower_bound":-0.012523320932621557,"upper_bound":-0.002654150815343402},"point_estimate":-0.007640339185351008,"standard_error":0.0025001111292835615},"median":{"confidence_interval":{"confidence_level":0.95,"lower_bound":-0.01438238816829307,"upper_bound":-0.004589426289638652},"point_estimate":-0.00968738223547494,"standard_error":0.0026639470053380003}}