{"mean":{"confidence_interval":{"confidence_level":0.95,"lower_bound":0.004581066379938747,"upper_bound":0.010797539895916756},"point_estimate":0.00784079117523273,"standard_error":0.0015828025163362757},"median":{"confidence_interval":{"confidence_level":0.95,"lower_bound":0.005815628656012262,"upper_bound":0.010961868025604374},"point_estimate":0.008632412514012477,"standard_error":0.001339394935588807}}