{"mean":{"confidence_interval":{"confidence_level":0.95,"lower_bound":0.003612547706773506,"upper_bound":0.015074850676646684},"point_estimate":0.009658810076179414,"standard_error":0.0029381358433526266},"median":{"confidence_interval":{"confidence_level":0.95,"lower_bound":0.008277534592633628,"upper_bound":0.018086621885663234},"point_estimate":0.013712583806964052,"standard_error":0.0023406413775023324}}