{"mean":{"confidence_interval":{"confidence_level":0.95,"lower_bound":-0.3272850146467533,"upper_bound":-0.316718722520988},"point_estimate":-0.3221536112688371,"standard_error":0.0027205407420959117},"median":{"confidence_interval":{"confidence_level":0.95,"lower_bound":-0.3249426412965857,"upper_bound":-0.31860974520120156},"point_estimate":-0.3219159003848563,"standard_error":0.0017812609318019058}}