{"mean":{"confidence_interval":{"confidence_level":0.95,"lower_bound":-0.41038454389754647,"upper_bound":-0.3967890187927211},"point_estimate":-0.4042230474630195,"standard_error":0.0034997992878761},"median":{"confidence_interval":{"confidence_level":0.95,"lower_bound":-0.4155186885146245,"upper_bound":-0.4056289725077493},"point_estimate":-0.412838602576883,"standard_error":0.00246667474521838}}