{"mean":{"confidence_interval":{"confidence_level":0.95,"lower_bound":4055.1935505813735,"upper_bound":4081.822213088687},"point_estimate":4067.7513136536472,"standard_error":6.795147907496088},"median":{"confidence_interval":{"confidence_level":0.95,"lower_bound":4059.290986394558,"upper_bound":4080.778198108512},"point_estimate":4067.4830878438333,"standard_error":5.271996914448793},"median_abs_dev":{"confidence_interval":{"confidence_level":0.95,"lower_bound":32.195926268470345,"upper_bound":55.48669260869638},"point_estimate":42.13965212359154,"standard_error":5.783584893349758},"slope":{"confidence_interval":{"confidence_level":0.95,"lower_bound":4046.3606845630097,"upper_bound":4086.6168065181005},"point_estimate":4064.634374379869,"standard_error":10.225001017179885},"std_dev":{"confidence_interval":{"confidence_level":0.95,"lower_bound":44.71023191934955,"upper_bound":94.86552915620199},"point_estimate":68.23041908500169,"standard_error":13.878358661931815}}