{"mean":{"confidence_interval":{"confidence_level":0.95,"lower_bound":0.004757944536753596,"upper_bound":0.014967724688417026},"point_estimate":0.009769874073003226,"standard_error":0.0026026209178729815},"median":{"confidence_interval":{"confidence_level":0.95,"lower_bound":-0.0009118014283256981,"upper_bound":0.0036504527978589163},"point_estimate":0.0007572158928905726,"standard_error":0.0011438349917131743}}