{"mean":{"confidence_interval":{"confidence_level":0.95,"lower_bound":-0.055243598651310684,"upper_bound":-0.04401078326891829},"point_estimate":-0.04975673464620578,"standard_error":0.002862675031566954},"median":{"confidence_interval":{"confidence_level":0.95,"lower_bound":-0.06527508628336454,"upper_bound":-0.05742249514656883},"point_estimate":-0.06320678015752601,"standard_error":0.002132172403006377}}