{"mean":{"confidence_interval":{"confidence_level":0.95,"lower_bound":-0.06178669895649182,"upper_bound":-0.054134827516110394},"point_estimate":-0.05805099182782558,"standard_error":0.0019329834822727758},"median":{"confidence_interval":{"confidence_level":0.95,"lower_bound":-0.0621938556143351,"upper_bound":-0.05702989800112156},"point_estimate":-0.06012689281611305,"standard_error":0.0012852563648894538}}