{"mean":{"confidence_interval":{"confidence_level":0.95,"lower_bound":-0.010253116175068924,"upper_bound":0.0024956994696021255},"point_estimate":-0.0042409335669362225,"standard_error":0.0032779550557900257},"median":{"confidence_interval":{"confidence_level":0.95,"lower_bound":-0.009619900814808445,"upper_bound":-0.0023133508576971273},"point_estimate":-0.0063016087019989175,"standard_error":0.0018927676045277005}}