{"mean":{"confidence_interval":{"confidence_level":0.95,"lower_bound":0.010997440925657642,"upper_bound":0.018093281689901763},"point_estimate":0.014420355406228103,"standard_error":0.0018112609799632935},"median":{"confidence_interval":{"confidence_level":0.95,"lower_bound":0.008936147806988926,"upper_bound":0.015608665939432997},"point_estimate":0.01160837452360819,"standard_error":0.0016785701749757705}}