{"mean":{"confidence_interval":{"confidence_level":0.95,"lower_bound":-0.49158654254305606,"upper_bound":-0.4711305717486853},"point_estimate":-0.4825360753306688,"standard_error":0.005150753083242444},"median":{"confidence_interval":{"confidence_level":0.95,"lower_bound":-0.5067704094950153,"upper_bound":-0.4877083257783398},"point_estimate":-0.501014738003899,"standard_error":0.004975747856786009}}