{"mean":{"confidence_interval":{"confidence_level":0.95,"lower_bound":-0.11083894408556827,"upper_bound":-0.08202889351822495},"point_estimate":-0.09678629859581889,"standard_error":0.007359262306339241},"median":{"confidence_interval":{"confidence_level":0.95,"lower_bound":-0.13617978581535206,"upper_bound":-0.1086527684773444},"point_estimate":-0.12424679682683015,"standard_error":0.007038993402262065}}