{"mean":{"confidence_interval":{"confidence_level":0.95,"lower_bound":0.004772111478213992,"upper_bound":0.012822874690693986},"point_estimate":0.008749089629930262,"standard_error":0.0020450374423724143},"median":{"confidence_interval":{"confidence_level":0.95,"lower_bound":0.004615236961224234,"upper_bound":0.01713201387391905},"point_estimate":0.012259289622997382,"standard_error":0.003187444927107827}}