{"mean":{"confidence_interval":{"confidence_level":0.95,"lower_bound":0.008648675927212768,"upper_bound":0.04486275672314855},"point_estimate":0.024620139258413998,"standard_error":0.009551172609049958},"median":{"confidence_interval":{"confidence_level":0.95,"lower_bound":0.004877017106826864,"upper_bound":0.010961901916230306},"point_estimate":0.00810754414141357,"standard_error":0.001582196903681822}}