{"mean":{"confidence_interval":{"confidence_level":0.95,"lower_bound":-0.4759642560134095,"upper_bound":-0.4595510864041533},"point_estimate":-0.46789262294291634,"standard_error":0.004096364621320971},"median":{"confidence_interval":{"confidence_level":0.95,"lower_bound":-0.48320312759347617,"upper_bound":-0.4638748978038839},"point_estimate":-0.4743547965185271,"standard_error":0.004852061611982812}}