{"mean":{"confidence_interval":{"confidence_level":0.95,"lower_bound":-0.00007888063271715696,"upper_bound":0.007093602457728309},"point_estimate":0.0036288288111190337,"standard_error":0.0018234210191762719},"median":{"confidence_interval":{"confidence_level":0.95,"lower_bound":0.0010408900353569006,"upper_bound":0.006961029573990585},"point_estimate":0.0035052067347813853,"standard_error":0.0015021267867876967}}