{"mean":{"confidence_interval":{"confidence_level":0.95,"lower_bound":-0.4103408880568985,"upper_bound":-0.38729397979299296},"point_estimate":-0.3976287141289272,"standard_error":0.005943624125773749},"median":{"confidence_interval":{"confidence_level":0.95,"lower_bound":-0.38681284943358596,"upper_bound":-0.3769493426072784},"point_estimate":-0.38026707650371616,"standard_error":0.0023277563694500884}}